response_id,pace,content,room,comment
1,4,4,3,More hands-on time
2,3,5,2,More hands-on time
3,4,4,2,Room was cold
4,5,4,4,Share slides early
5,3,4,,More hands-on time
6,4,4,2,More hands-on time
7,3,5,4,More hands-on time
8,4,4,3,Great examples
9,4,5,2,Room was cold
10,4,4,3,Clear instructions
11,3,5,2,Room was cold
12,4,4,4,More hands-on time
13,4,5,4,Share slides early
14,4,4,3,More hands-on time
15,5,5,3,Room was cold
16,3,4,3,Clear instructions
17,5,5,,Too fast in part 2
18,5,4,3,More hands-on time
19,4,5,2,Too fast in part 2
20,5,4,4,Room was cold
21,5,4,3,More hands-on time
22,5,5,3,More hands-on time
23,3,4,3,Too fast in part 2
24,3,4,3,More hands-on time
25,4,5,3,Share slides early
26,5,4,4,Room was cold
27,5,4,3,Clear instructions
28,4,4,3,Clear instructions
29,4,4,,Too fast in part 2
30,4,5,4,Room was cold
31,4,5,3,Share slides early
32,5,5,2,Loved the Q&A
33,3,5,3,More hands-on time
34,4,5,3,Clear instructions
35,5,4,2,More hands-on time
36,5,4,4,Room was cold
37,3,5,4,Room was cold
38,4,4,,Great examples
39,4,4,2,Room was cold
40,4,4,2,Too fast in part 2
41,3,5,2,More hands-on time
42,4,5,4,Too fast in part 2
